,ids,e_value,hit_start,hit_end,bitscore
0,Q6GB05,0.0,1,355,533.181
1,Q6GIG7,0.0,1,355,532.796
2,Q99VF6,0.0,1,355,532.796
3,A5IR97,0.0,1,355,532.796
4,A6U025,0.0,1,355,532.796
5,Q8NXG7,0.0,1,355,531.64
6,A8Z1H7,0.0,1,355,528.944
7,A6QFD2,0.0,1,355,528.944
8,Q5HHG4,0.0,1,355,528.944
9,Q2FZX9,0.0,1,355,528.944
10,Q2FIF3,0.0,1,355,528.944
11,Q4L4T4,1.66669e-180,1,355,507.373
12,Q49W60,2.4995e-176,1,354,496.587
13,O05413,2.78908e-153,2,347,437.652
14,Q9HWH9,1.74838e-142,4,351,410.688
15,D0V3Y4,3.83369e-141,2,348,407.221
16,Q12723,2.92401e-132,1,374,385.65
17,B2TEK6,2.25159e-130,1,359,380.257
18,P47177,3.19463e-122,24,400,360.997
19,O06179,5.09197e-102,2,367,308.61
20,Q9I4V0,4.40489e-42,4,320,152.604
21,Q01284,6.05949e-24,33,368,104.454
22,Q8T6T2,4.97812e-09,32,398,60.9266
23,Q6A6A0,2.13635e-08,111,228,57.4598
24,Q7NTY1,1.93497e-07,128,240,55.5338
25,P49058,6.80276e-07,32,299,54.3782
26,Q02Z38,1.03222e-06,135,250,53.6078
27,Q9CGF1,1.03222e-06,135,250,53.6078
28,A2RL29,1.80529e-06,135,250,52.8374
29,B0KG90,1.81555e-06,90,321,52.8374
30,Q5WD10,1.86469e-06,86,273,52.8374
31,A8M9N4,2.66512e-06,7,190,50.9114
32,B1L993,2.85877e-06,158,414,52.4522
33,Q9WYM8,2.85877e-06,158,414,52.4522
34,A7Z8C3,5.30999e-06,82,272,51.2966
35,B9KBQ2,5.31495e-06,160,412,51.6818
36,Q04GD9,5.44563e-06,128,296,51.2966
37,Q8A9C3,6.24365e-06,1,267,50.9114
38,Q2SS69,8.18267e-06,85,210,49.7558
39,Q883P1,9.03206e-06,90,321,50.5262
40,Q0W1L8,9.70559e-06,94,203,49.3706
41,C1DDY1,1.05462e-05,90,321,50.5262
42,O05269,1.06138e-05,129,272,50.5262
43,Q8ERJ2,1.11393e-05,61,239,50.141
44,Q8R806,1.16062e-05,50,204,49.3706
45,B0T7X2,1.17592e-05,246,363,50.5262
46,Q9ZKZ2,1.36046e-05,123,271,50.141
47,Q9ZL14,1.73704e-05,30,410,50.141
48,Q8KCW4,2.03007e-05,276,373,49.7558
49,O25525,2.14588e-05,130,273,49.3706
50,Q8R9R7,2.15365e-05,16,264,49.3706
51,Q6HAI0,2.26462e-05,85,272,49.3706
52,A0RLN5,2.27192e-05,86,273,49.3706
53,Q185B2,2.39974e-05,110,205,48.6002
54,Q9UZQ5,2.43129e-05,48,204,48.215
55,Q88L40,2.64727e-05,90,321,48.9854
56,Q8U192,2.90273e-05,8,204,48.215
57,B5Z7L6,2.9189e-05,128,271,48.9854
58,Q1CT17,2.94522e-05,123,271,48.9854
59,B1YH73,3.31156e-05,135,240,48.9854
60,Q64TN0,3.3778e-05,1,267,48.6002
61,Q5LCI2,3.3778e-05,1,267,48.6002
62,O87392,3.57373e-05,240,377,48.9854
63,Q65LF6,4.15497e-05,129,272,48.6002
64,Q8XNZ3,4.50862e-05,71,205,47.8298
65,Q0TUP9,4.50862e-05,71,205,47.8298
66,C0MF02,4.60006e-05,78,240,48.215
67,C0MAM1,4.60006e-05,78,240,48.215
68,A6L5H1,4.71449e-05,58,267,48.215
69,Q630E8,4.98658e-05,85,272,48.215
70,Q81JJ9,4.98658e-05,85,272,48.215
71,Q0SWI9,5.3758e-05,71,205,47.4446
72,Q4KFI7,5.44992e-05,90,321,48.215
73,B2USX4,5.46926e-05,123,271,48.215
74,C3K017,5.52918e-05,90,321,48.215
75,Q814I1,6.60348e-05,86,273,47.8298
76,C4L088,6.64277e-05,143,239,47.8298
77,Q48JY0,6.64721e-05,90,321,47.8298
78,P56088,7.0228e-05,30,410,48.215
79,Q4VRV8,7.35404e-05,269,423,48.215
80,Q3KFC7,8.44647e-05,226,321,47.4446
81,Q39UK4,8.76063e-05,53,277,47.4446
82,Q58923,8.7896e-05,101,200,46.6742
83,O58878,9.12906e-05,42,204,46.6742
84,Q1ICL4,9.17856e-05,90,321,47.4446
85,Q9KGN8,9.19191e-05,33,112,47.8298
86,A2SQR0,9.26507e-05,98,220,46.6742
87,Q5P1A9,9.75851e-05,222,314,47.4446
88,B5EFU4,0.000110682,220,269,47.0594
89,Q9HLK8,0.000113609,252,409,47.4446
90,A6TVS0,0.000125291,219,278,47.0594
91,A5G3H0,0.000136103,45,269,46.6742
92,O50316,0.000157492,276,373,47.0594
93,Q74HT0,0.000190102,111,213,45.9038
94,Q040Z7,0.000200886,31,213,45.9038
95,Q9SA34,0.000219883,275,394,46.6742
96,Q4ZUM3,0.000227893,105,321,46.289
97,Q8G3N6,0.000238137,306,427,46.6742
98,C6E6N2,0.000269363,53,269,45.9038
99,A9BJH4,0.000274394,224,275,45.9038
100,Q9L6B7,0.000308402,274,370,46.289
101,A0QSU4,0.000318959,125,218,45.9038
102,A1KRQ4,0.000327792,105,314,45.9038
103,A3DD04,0.000372595,136,232,45.1334
104,A9M3G1,0.000390705,105,314,45.5186
105,B1J5B5,0.000438711,93,321,45.5186
106,Q6DAY3,0.00044783,256,333,45.5186
107,P65171,0.000471408,125,218,45.5186
108,P9WKI5,0.000471408,125,218,45.5186
109,P9WKI4,0.000471408,125,218,45.5186
110,A4XWQ0,0.000495822,90,321,45.1334
111,A8LY18,0.000611125,141,321,44.7482
112,Q8NKN9,0.000841117,106,204,43.9778
113,A7Z4Y0,0.000956988,306,579,44.7482
114,P44334,0.00145391,275,371,43.9778
115,Q8FWN5,0.00175552,122,239,43.9778
116,Q8YBP2,0.00176162,115,232,43.9778
117,Q5UZH1,0.00177408,147,226,43.2074
118,C6BW12,0.00241941,218,274,42.8222
119,A9B5I3,0.00258428,35,111,42.437
120,Q02PL5,0.00287601,90,321,42.8222
121,A6V325,0.0044057,90,321,42.437
122,Q9HZF8,0.00512376,90,321,42.0518
123,B7UWL8,0.00512376,90,321,42.0518
124,Q6GB05,6.60916e-140,1,355,404.286
125,Q8NXG7,7.70104e-140,1,355,403.901
126,Q6GIG7,8.87584e-140,1,355,403.901
127,Q99VF6,1.90642e-139,1,355,403.131
128,A5IR97,1.90642e-139,1,355,403.131
129,A6U025,1.90642e-139,1,355,403.131
130,A8Z1H7,2.56436e-138,1,355,400.049
131,A6QFD2,2.56436e-138,1,355,400.049
132,Q5HHG4,2.56436e-138,1,355,400.049
133,Q2FZX9,2.56436e-138,1,355,400.049
134,Q2FIF3,2.56436e-138,1,355,400.049
135,Q4L4T4,1.04525e-131,1,355,383.486
136,Q49W60,1.31005e-128,1,354,375.396
137,O05413,1.68857e-111,2,347,331.869
138,Q9HWH9,2.60737e-104,4,351,313.764
139,D0V3Y4,5.57082e-100,2,348,302.594
140,B2TEK6,2.62107e-92,7,360,283.334
141,Q12723,4.28598e-91,1,374,280.637
142,P47177,1.90758e-84,24,400,264.459
143,O06179,1.99612e-67,2,368,219.776
144,Q8T6T2,8.8549e-65,29,398,213.613
145,Q9I4V0,1.85315e-59,4,320,197.819
146,P49058,1.93897e-52,29,400,181.641
147,Q9ZL14,3.89595e-47,27,479,169.7
148,P56088,9.04026e-47,27,479,168.544
149,Q9KGN8,5.10947e-38,33,483,145.047
150,Q01284,1.01911e-37,29,371,142.351
151,Q8ERJ2,1.18792e-37,60,272,140.81
152,Q6HAI0,2.26931e-37,61,272,140.039
153,A0RLN5,2.3688e-37,62,273,140.039
154,Q72WY4,8.71509e-37,61,272,138.499
155,Q814I1,1.10866e-36,62,273,138.113
156,Q630E8,1.32231e-36,61,272,138.113
157,B5XLI1,1.33616e-36,28,298,138.113
158,P0DB91,1.42237e-36,28,298,138.113
159,Q1JGV8,1.42237e-36,28,298,138.113
160,P0DB90,1.42237e-36,28,298,138.113
161,Q81JJ9,1.54601e-36,61,272,137.728
162,Q48TL6,1.61181e-36,28,298,137.728
163,Q99ZQ1,2.0482e-36,28,298,137.343
164,Q1J6M7,4.11505e-36,28,298,136.573
165,Q1JLQ8,4.11505e-36,28,298,136.573
166,Q1JBS5,4.11505e-36,28,298,136.573
167,Q5XC75,4.11505e-36,28,298,136.573
168,Q8P129,4.71134e-36,28,298,136.573
169,O05269,5.17004e-36,37,297,136.573
170,A7Z8C3,6.84756e-36,62,272,136.187
171,Q8A9C3,1.35066e-35,1,277,134.647
172,C0MAM1,1.71132e-35,28,298,135.032
173,Q5WD10,2.54138e-35,62,273,134.647
174,A2REI5,2.64798e-35,28,298,134.647
175,C0MF02,3.97086e-35,28,298,134.261
176,Q65LF6,4.05237e-35,62,272,133.876
177,Q9HLK8,4.32045e-35,35,479,136.958
178,Q64TN0,5.81481e-35,1,277,133.106
179,Q5LCI2,5.81481e-35,1,277,133.106
180,C1DDY1,7.77047e-35,90,333,133.876
181,Q8E578,8.04518e-35,28,298,133.106
182,Q8DZL4,9.59764e-35,28,298,133.106
183,Q97DK4,1.64617e-34,62,297,132.335
184,Q3K110,1.7159e-34,28,298,132.335
185,B9DS39,2.17813e-34,28,298,131.95
186,Q9ZKZ2,2.29305e-34,25,296,131.95
187,O25525,6.334e-34,27,273,130.795
188,B5Z7L6,9.19587e-34,25,271,130.409
189,Q49XD2,2.10408e-33,60,271,129.639
190,P0C0H6,2.1066e-33,34,490,132.721
191,P68839,2.1066e-33,34,490,132.721
192,Q5X9A3,2.1066e-33,34,490,132.721
193,P0C0H7,2.1066e-33,34,490,132.721
194,Q38YF0,2.45856e-33,61,296,129.254
195,Q88L40,2.93811e-33,90,332,129.254
196,C3K017,3.49795e-33,90,326,129.254
197,P0DB89,3.95772e-33,34,490,131.95
198,P0DB88,3.95772e-33,34,490,131.95
199,Q1CT17,4.66838e-33,25,271,128.483
200,A8AXD6,5.22763e-33,71,298,128.483
201,C4L088,5.56202e-33,62,272,128.483
202,B0KG90,7.50164e-33,90,332,128.483
203,Q8KCW4,9.17604e-33,253,490,130.795
204,A6L5H1,9.3748e-33,1,272,127.328
205,P60564,1.06711e-32,60,271,127.713
206,Q6G9M1,1.06711e-32,60,271,127.713
207,P60563,1.06711e-32,60,271,127.713
208,P60562,1.06711e-32,60,271,127.713
209,A5ISL9,1.06711e-32,60,271,127.713
210,A6U1F7,1.06711e-32,60,271,127.713
211,A7X1Z1,1.06711e-32,60,271,127.713
212,O67820,1.08242e-32,34,487,130.409
213,Q9L6B7,1.13343e-32,238,485,130.409
214,B1IC44,1.15748e-32,71,298,127.328
215,Q6GH69,1.24592e-32,60,271,127.328
216,A6QGN9,1.27192e-32,60,271,127.328
217,Q5HG83,1.27192e-32,60,271,127.328
218,Q2FYU4,1.27192e-32,60,271,127.328
219,Q2FH96,1.27192e-32,60,271,127.328
220,O50316,1.35453e-32,241,490,130.409
221,A4W0T4,1.67927e-32,28,298,126.943
222,Q2YXS9,1.73376e-32,60,271,126.943
223,A4VUJ2,1.86183e-32,28,298,126.943
224,B1HNS5,2.02204e-32,62,297,126.943
225,P44334,2.26175e-32,239,486,129.639
226,Q831S1,2.54003e-32,25,271,126.557
227,C1CEK5,2.61532e-32,71,298,126.557
228,C1CR55,2.66983e-32,71,298,126.557
229,B2USX4,2.87483e-32,25,271,126.557
230,Q97QG5,3.18139e-32,71,298,126.172
231,B8ZJR9,3.24768e-32,71,298,126.172
232,C1CKY8,3.34971e-32,71,298,126.172
233,Q48JY0,3.36318e-32,90,332,126.557
234,Q4KFI7,4.32938e-32,90,332,126.172
235,Q8DPJ7,5.16444e-32,71,298,125.787
236,C1C7M7,5.16444e-32,71,298,125.787
237,Q04K71,5.16444e-32,71,298,125.787
238,Q9CGF1,5.83937e-32,28,275,125.787
239,Q883P1,5.91964e-32,90,343,125.787
240,Q02Z38,6.14802e-32,28,275,125.402
241,A2RL29,6.9569e-32,28,275,125.402
242,B9DP67,7.73606e-32,60,296,125.402
243,Q1ICL4,7.76894e-32,90,332,125.402
244,A4XWQ0,1.07938e-31,90,340,125.017
245,B2IPN4,1.8516e-31,71,298,124.246
246,Q8CPC9,2.0793e-31,67,271,124.246
247,Q5HPK5,2.0793e-31,67,271,124.246
248,B5E4Y3,2.09491e-31,71,298,124.246
249,B1YH73,2.85216e-31,38,273,123.861
250,Q3KFC7,3.90145e-31,90,332,123.476
251,B1L993,4.15279e-31,157,414,126.557
252,Q9WYM8,4.15279e-31,157,414,126.557
253,P21879,4.53721e-31,32,485,126.172
254,B1J5B5,4.87134e-31,90,341,123.476
255,Q4ZUM3,5.60114e-31,90,341,123.476
256,Q04GD9,7.93336e-31,61,296,122.32
257,Q03AR1,1.09434e-30,40,300,122.32
258,B3WCK9,1.28963e-30,40,300,121.935
259,Q0WD32,3.07808e-30,202,485,123.861
260,Q7UJL3,3.23032e-30,247,529,124.246
261,Q4L646,3.23142e-30,60,271,120.779
262,A4VM41,3.91455e-30,90,343,121.165
263,B9KBQ2,4.1047e-30,157,414,123.476
264,Q03GJ0,5.1789e-30,25,271,120.394
265,A6V325,6.15126e-30,90,342,120.394
266,Q02PL5,6.95338e-30,90,342,120.394
267,Q9HZF8,9.44573e-30,90,342,120.009
268,B7UWL8,9.44573e-30,90,342,120.009
269,A9BNR6,1.47229e-29,95,295,119.239
270,P42851,1.52895e-29,37,481,121.55
271,Q21U05,1.9211e-29,80,295,118.853
272,Q9UY49,2.31507e-29,37,481,121.165
273,O58045,2.36049e-29,37,481,121.165
274,A1WB23,2.74817e-29,92,295,118.468
275,B9ME75,3.1389e-29,92,295,118.083
276,Q88SV5,3.23667e-29,62,298,118.083
277,C5CT60,7.55852e-29,36,295,117.313
278,P60565,1.45147e-28,67,302,116.542
279,Q6GC82,1.48771e-28,228,486,118.853
280,Q6GJQ7,1.48771e-28,228,486,118.853
281,P99106,1.48771e-28,228,486,118.853
282,P65169,1.48771e-28,228,486,118.853
283,Q5HIQ7,1.48771e-28,228,486,118.853
284,Q2YVL6,1.48771e-28,228,486,118.853
285,Q2G0Y7,1.48771e-28,228,486,118.853
286,Q2FJM6,1.48771e-28,228,486,118.853
287,Q8NY70,1.62533e-28,228,486,118.853
288,Q49UU8,2.40787e-28,228,486,118.468
289,Q8U192,2.9454e-28,8,204,112.69
290,Q04CB0,3.27876e-28,67,302,115.387
291,Q1GBV3,3.52092e-28,67,302,115.387
292,A6LB11,6.39626e-28,1,277,114.231
293,A1TNF7,6.43181e-28,92,295,114.616
294,Q4L385,9.05172e-28,228,486,116.927
295,Q7NTY1,1.87186e-27,80,270,113.075
296,B1XWM8,5.71745e-27,83,295,111.92
297,Q045S8,6.04852e-27,90,302,111.92
298,Q8CMQ7,6.21118e-27,228,486,114.231
299,Q5HRX2,6.21118e-27,228,486,114.231
300,Q1WT04,9.49273e-27,61,296,111.535
301,Q6F1U6,1.21526e-26,59,296,111.149
302,A1VMA8,1.26071e-26,80,270,111.149
303,A1WIJ3,1.75867e-26,80,295,110.764
304,Q5FHY3,1.84187e-26,66,302,110.764
305,Q03TT0,2.07217e-26,63,293,110.379
306,Q8G3N6,4.89859e-26,285,539,112.305
307,A5G3H0,5.20968e-26,45,277,108.838
308,Q12CT8,7.18239e-26,80,295,108.838
309,O58878,7.49543e-26,4,204,106.142
310,Q39UK4,9.00999e-26,45,277,108.453
311,Q4QEB3,1.09432e-25,238,492,110.764
312,Q9UZQ5,1.87644e-25,8,204,104.986
313,E9BDA8,2.26169e-25,238,492,109.994
314,Q6MUI1,4.67539e-25,36,317,106.527
315,A7Z4Y0,7.9448e-25,306,581,109.223
316,Q4VRV8,1.26833e-24,39,423,108.068
317,B6YRL9,2.19588e-24,1,272,104.601
318,Q5P1A9,2.94121e-24,88,331,104.986
319,B5EFU4,4.82765e-24,45,277,103.445
320,A4SME2,5.26982e-24,91,335,104.216
321,Q609J2,7.0371e-24,92,328,103.831
322,Q480K7,7.0408e-24,91,333,103.831
323,C6E6N2,1.26794e-23,45,277,102.29
324,A0KKK9,2.5493e-23,91,322,102.29
325,Q82ST3,4.13651e-23,89,320,101.519
326,Q0AIB4,8.62346e-23,89,329,100.749
327,B9M211,9.23672e-23,45,277,99.9787
328,B3PIL8,1.04116e-22,90,321,100.749
329,Q9SA34,2.35591e-22,235,426,101.134
330,Q7MVJ6,2.72484e-22,2,276,98.8231
331,A1ASB3,4.91945e-22,44,276,98.0527
332,Q7NX17,5.41948e-22,91,322,98.4379
333,A9A5Y7,1.21104e-21,234,451,99.2083
334,Q9KH33,1.26292e-21,225,481,99.2083
335,Q6A6A0,1.34494e-21,109,228,94.9711
336,B3E4T4,1.47207e-21,44,276,96.5119
337,Q9JX66,1.65081e-21,88,331,97.2823
338,A6VW35,1.90646e-21,90,338,97.2823
339,O29309,1.92781e-21,167,415,98.8231
340,Q1H411,2.02509e-21,91,322,96.8971
341,P0ADG9,2.69797e-21,238,485,98.0527
342,P0ADG7,2.69797e-21,238,485,98.0527
343,P0ADG8,2.69797e-21,238,485,98.0527
344,Q87PB7,2.73955e-21,91,335,96.5119
345,E9PU28,2.81649e-21,254,438,98.0527
346,P24547,2.87006e-21,254,438,98.0527
347,Q2SCG9,2.89613e-21,91,322,96.5119
348,B0UXP9,2.95232e-21,254,438,98.0527
349,Q13ZM3,3.24913e-21,94,334,96.5119
350,Q6D456,3.71809e-21,91,324,96.1267
351,A1KRQ4,4.5124e-21,106,331,95.7415
352,P12269,5.09679e-21,254,438,97.2823
353,Q0A8M5,5.36543e-21,91,322,95.7415
354,A9M3G1,6.0545e-21,106,337,95.7415
355,Q07152,6.14526e-21,273,448,97.2823
356,Q6FCL9,7.65204e-21,88,328,95.3563
357,Q6LRA2,9.55986e-21,91,336,94.9711
358,Q3SWY3,9.56905e-21,285,438,96.5119
359,A9AJX4,9.61037e-21,94,337,94.9711
360,Q5KP44,1.05811e-20,199,418,96.5119
361,P12268,1.06108e-20,212,438,96.5119
362,B4EVC3,1.14089e-20,91,327,94.5859
363,A1K7M2,1.27847e-20,88,331,94.5859
364,O00086,1.32283e-20,54,429,96.1267
365,Q59Q46,1.32283e-20,54,429,96.1267
366,B5YJH1,1.42201e-20,43,293,93.8155
367,C3LMH4,1.4583e-20,91,335,94.5859
368,Q9KRZ2,1.4583e-20,91,335,94.5859
369,A5F839,1.4583e-20,91,335,94.5859
370,A7N0L2,2.03572e-20,91,335,94.2007
371,Q5F605,2.67124e-20,88,331,93.8155
372,B2JKL9,2.7064e-20,94,334,93.8155
373,Q8EDZ8,2.97805e-20,91,337,93.4303
374,P47996,3.00481e-20,236,427,94.9711
375,B2VC84,3.1954e-20,91,335,93.4303
376,A7MEW0,3.32308e-20,91,333,93.4303
377,A1TZG0,3.32483e-20,90,333,93.4303
378,Q0HVV6,3.48291e-20,91,337,93.4303
379,Q0HJL0,3.48291e-20,91,337,93.4303
380,Q54QQ0,3.63776e-20,249,439,94.9711
381,Q12NG2,4.03345e-20,91,333,93.4303
382,Q040Z7,4.32199e-20,31,214,91.1191
383,Q0BFR0,4.50783e-20,94,337,93.0451
384,B0TGQ8,4.51502e-20,5,279,92.6599
385,O14344,4.5518e-20,56,446,94.5859
386,Q59011,4.72646e-20,229,492,94.5859
387,Q2SVL9,4.73332e-20,94,337,93.0451
388,A0KW50,5.05075e-20,91,337,93.0451
389,B1LJR7,5.36846e-20,91,322,92.6599
390,B7N3A7,5.36846e-20,91,322,92.6599
391,B7NM29,5.36846e-20,91,322,92.6599
392,F7CYY5,6.20241e-20,286,407,94.2007
393,Q12658,6.70824e-20,292,411,94.2007
394,Q58746,6.82949e-20,170,452,94.2007
395,Q83CY0,7.29759e-20,91,334,92.6599
396,A9NCV1,7.29759e-20,91,334,92.6599
397,A9KCF2,7.29759e-20,91,334,92.6599
398,B6J0A5,7.29759e-20,91,334,92.6599
399,B6J754,7.29759e-20,91,334,92.6599
400,Q3Z7F6,7.59633e-20,155,409,93.8155
401,Q8XNZ3,7.80137e-20,9,206,89.9635
402,Q0TUP9,7.80137e-20,9,206,89.9635
403,A1RJ06,8.15199e-20,91,337,92.2747
404,A4Y7I2,8.15199e-20,91,337,92.2747
405,A9KKR5,9.53059e-20,2,275,91.5043
406,A6WP30,9.62352e-20,91,333,92.2747
407,Q0SWI9,1.0442e-19,9,206,89.5783
408,B8E984,1.09251e-19,91,333,91.8895
409,Q8R806,1.09254e-19,50,214,89.5783
410,Q1RDR9,1.09574e-19,91,322,91.8895
411,Q8FJ91,1.09574e-19,91,322,91.8895
412,Q0TJB6,1.09574e-19,91,322,91.8895
413,A1A9L5,1.09574e-19,91,322,91.8895
414,B7MS56,1.09574e-19,91,322,91.8895
415,B7MHP7,1.09574e-19,91,322,91.8895
416,B7UN24,1.09574e-19,91,322,91.8895
417,Q6GMG5,1.11029e-19,254,406,93.4303
418,B7VNK9,1.16184e-19,91,322,91.8895
419,A3D5B9,1.19276e-19,91,333,91.8895
420,C6DFC0,1.24401e-19,91,324,91.8895
421,A9L4D0,1.36725e-19,91,333,91.8895
422,F6S675,1.41218e-19,252,404,93.0451
423,C4K4A3,1.4829e-19,91,335,91.5043
424,Q2NU82,1.65088e-19,91,335,91.5043
425,Q9K1D7,1.74641e-19,106,331,91.5043
426,Q74CB9,1.77859e-19,45,278,90.7339
427,Q3Z3H6,2.02604e-19,91,322,91.1191
428,Q31YK8,2.02604e-19,91,322,91.1191
429,B2TUD4,2.02604e-19,91,322,91.1191
430,P25468,2.02604e-19,91,322,91.1191
431,B4TRW8,2.02604e-19,91,322,91.1191
432,B5BBM2,2.02604e-19,91,322,91.1191
433,C0PVS5,2.02604e-19,91,322,91.1191
434,A9N6Y4,2.02604e-19,91,322,91.1191
435,Q5PGE0,2.02604e-19,91,322,91.1191
436,B4T1Y8,2.02604e-19,91,322,91.1191
437,B4TDY5,2.02604e-19,91,322,91.1191
438,B5QZE8,2.02604e-19,91,322,91.1191
439,B5FQY8,2.02604e-19,91,322,91.1191
440,B5F1U2,2.02604e-19,91,322,91.1191
441,B6I919,2.02604e-19,91,322,91.1191
442,P0A7E1,2.02604e-19,91,322,91.1191
443,B1IVY7,2.02604e-19,91,322,91.1191
444,A7ZYP7,2.02604e-19,91,322,91.1191
445,B1X8P9,2.02604e-19,91,322,91.1191
446,C4ZQ71,2.02604e-19,91,322,91.1191
447,B7M874,2.02604e-19,91,322,91.1191
448,B5YT76,2.02604e-19,91,322,91.1191
449,P0A7E2,2.02604e-19,91,322,91.1191
450,B7LE45,2.02604e-19,91,322,91.1191
451,A7ZK49,2.02604e-19,91,322,91.1191
452,B5R8M3,2.14807e-19,91,322,91.1191
453,Q185B2,2.33271e-19,29,206,88.8079
454,Q57QU4,2.46207e-19,91,322,91.1191
455,B0KA32,2.62718e-19,8,275,90.3487
456,Q3IGZ1,2.714e-19,91,322,90.7339
457,Q74HT0,2.73646e-19,31,214,88.8079
458,Q0W1L8,2.86312e-19,47,211,88.4227
459,A1JMP8,2.96264e-19,91,322,90.7339
460,Q83RX6,2.96264e-19,91,322,90.7339
461,Q0T689,2.96264e-19,91,322,90.7339
462,B7LNV5,3.63473e-19,91,335,90.3487
463,A9MHU3,3.67028e-19,91,322,90.3487
464,A4W8V7,3.77902e-19,91,322,90.3487
465,Q8K9I5,4.16524e-19,91,335,90.3487
466,Q5E5B6,4.20596e-19,91,333,90.3487
467,Q081J9,4.31278e-19,91,322,90.3487
468,C4XPD6,4.49688e-19,4,275,89.5783
469,A8AID4,4.59081e-19,91,322,90.3487
470,P20839,4.82224e-19,254,427,91.5043
471,A0JNA3,5.19534e-19,254,427,91.5043
472,A8M9N4,5.29726e-19,5,191,87.2671
473,B5FE17,5.3637e-19,91,333,89.9635
474,B2SLB9,5.42593e-19,90,322,90.3487
475,B1XV77,5.43468e-19,93,327,89.9635
476,Q2Y5H8,5.67774e-19,89,320,89.9635
477,Q32HW1,5.85415e-19,91,322,89.9635
478,Q5H0N0,5.86279e-19,90,322,89.9635
479,Q2P3M0,5.86279e-19,90,322,89.9635
480,B0K2E5,5.87973e-19,8,275,89.1931
481,Q7W4W6,5.90835e-19,96,349,89.9635
482,Q5RGV1,5.97428e-19,285,497,91.5043
483,C5BKZ2,6.00098e-19,90,326,89.9635
484,P50096,6.6186e-19,254,427,91.1191
485,A1SX25,6.64254e-19,91,324,89.5783
486,D3ZLZ7,6.68051e-19,254,427,91.1191
487,Q8D9G5,7.53679e-19,91,335,89.5783
488,Q472J6,8.48868e-19,94,328,89.5783
489,O87392,8.83653e-19,218,389,90.3487
490,C5BD71,8.8897e-19,91,322,89.1931
491,Q21JW9,9.28756e-19,90,321,89.1931
492,Q3SL21,9.43904e-19,90,321,89.1931
493,P31002,9.81856e-19,210,486,90.7339
494,Q7WGE4,1.07647e-18,96,349,89.1931
495,Q7MKX3,1.1331e-18,91,335,89.1931
496,A8GCK4,1.21273e-18,91,322,88.8079
497,A4SWU5,1.26256e-18,93,327,89.1931
498,Q99L27,1.27995e-18,27,327,89.1931
499,Q9NJD8,1.28743e-18,39,346,89.1931
500,Q2SS69,1.31679e-18,6,211,86.8819
501,Q3BUJ7,1.39941e-18,90,322,89.1931
502,Q15UB7,1.4699e-18,90,321,88.8079
503,Q8Z7S9,1.59106e-18,91,322,88.8079
504,Q7VTR9,2.13706e-18,96,349,88.4227
505,Q8R9R7,2.19827e-18,2,270,87.6523
506,Q819S5,2.37586e-18,51,272,87.6523
507,B7IUP4,2.37586e-18,51,272,87.6523
508,B9MS26,2.39121e-18,1,271,87.6523
509,Q2KW44,2.4698e-18,96,335,88.4227
510,A8H3X8,2.47053e-18,91,337,88.0375
511,B9MIU2,2.52065e-18,94,338,88.4227
512,Q8PLJ2,2.54506e-18,90,322,88.4227
513,B6ELD1,2.87262e-18,91,322,88.0375
514,A6TVS0,3.07684e-18,8,278,87.2671
515,C5D8Q2,3.55272e-18,51,272,87.2671
516,O34787,3.56076e-18,317,592,89.5783
517,A8LY18,3.56312e-18,97,326,87.6523
518,A9VTC4,4.02266e-18,8,272,87.2671
519,P25996,4.33308e-18,49,270,86.8819
520,A1W7S6,4.44929e-18,94,338,87.6523
521,Q7N617,4.7041e-18,91,335,87.2671
522,Q9K9W1,5.06608e-18,1,272,86.8819
523,B7H6M0,5.23282e-18,51,272,86.8819
524,Q32L93,5.54542e-18,39,327,87.2671
525,Q8P9R0,5.71364e-18,90,322,87.2671
526,B0RTS3,5.71364e-18,90,322,87.2671
527,Q4UTX5,5.71364e-18,90,322,87.2671
528,B1JQS0,5.81812e-18,91,322,86.8819
529,Q66CG4,5.81812e-18,91,322,86.8819
530,A4TMZ3,5.81812e-18,91,322,86.8819
531,Q1CGJ0,5.81812e-18,91,322,86.8819
532,A9R7L2,5.81812e-18,91,322,86.8819
533,Q8ZG91,5.81812e-18,91,322,86.8819
534,B2JYR8,5.81812e-18,91,322,86.8819
535,Q1CA44,5.81812e-18,91,322,86.8819
536,A7FJU2,5.81812e-18,91,322,86.8819
537,B5XY59,5.81812e-18,91,322,86.8819
538,Q1LP27,5.97619e-18,94,328,87.2671
539,A6T739,5.98916e-18,91,322,86.8819
540,Q9F1U7,6.22855e-18,90,327,87.2671
541,Q6HET0,6.67457e-18,51,272,86.4967
542,Q636E2,6.67457e-18,51,272,86.4967
543,B9IVW1,6.67457e-18,51,272,86.4967
544,B7HLL8,6.67457e-18,51,272,86.4967
545,C1EPP8,6.67457e-18,51,272,86.4967
546,Q732I5,6.67457e-18,51,272,86.4967
547,B7JJX1,6.67457e-18,51,272,86.4967
548,Q81WF4,6.67457e-18,51,272,86.4967
549,C3L742,6.67457e-18,51,272,86.4967
550,C3P654,6.67457e-18,51,272,86.4967
551,P50098,6.71445e-18,284,493,88.0375
552,Q5L0U1,7.15686e-18,51,272,86.4967
553,A7Z4H4,7.69291e-18,3,270,86.4967
554,Q8XYY7,8.13322e-18,94,328,86.8819
555,Q84XA3,8.40086e-18,235,475,88.0375
556,B0TIY0,8.5854e-18,91,337,86.4967
557,P46539,9.1242e-18,51,272,86.1115
558,C6BW12,1.03148e-17,9,275,85.7263
559,A6UPE6,1.15836e-17,8,190,83.8003
560,B7GFA1,1.17134e-17,54,272,85.7263
561,A6T106,1.38098e-17,94,338,86.1115
562,A4XKT6,1.49763e-17,1,271,85.3411
563,A1S5Z4,1.54488e-17,91,339,85.7263
564,Q8DLB7,1.55666e-17,107,344,86.1115
565,A0RHQ6,1.63205e-17,51,272,85.3411
566,A5WDZ3,1.64109e-17,90,321,85.7263
567,Q9P2T1,1.64272e-17,27,327,85.7263
568,P50094,1.71022e-17,257,442,86.8819
569,A7GRK9,1.81592e-17,51,272,85.3411
570,B8CPG0,1.90898e-17,91,337,85.7263
571,A9BWU2,2.08787e-17,94,342,85.7263
572,A4G7T7,2.31995e-17,94,334,85.3411
573,Q8F4Q4,2.81758e-17,259,427,86.4967
574,A5EV79,2.96673e-17,87,331,84.9559
575,B1YIR7,2.97762e-17,1,272,84.5707
576,A4J560,2.99472e-17,52,278,84.5707
577,B2V726,3.05098e-17,10,277,84.5707
578,A8MIU4,3.47714e-17,12,278,84.1855
579,Q9GZH3,3.5858e-17,249,420,86.1115
580,A9I8M0,3.7448e-17,96,335,84.9559
581,Q49729,3.85788e-17,268,526,86.1115
582,Q8CWG1,3.89136e-17,2,271,84.1855
583,Q5QX65,4.26526e-17,90,320,84.5707
584,A8FW61,4.57468e-17,91,339,84.5707
585,A3N0D6,5.22188e-17,87,331,84.1855
586,A4IM35,6.64243e-17,51,272,83.8003
587,P59443,6.70411e-17,47,327,84.1855
588,B1KDM8,7.46009e-17,91,340,83.8003
589,P50095,7.96782e-17,256,441,84.9559
590,B8F848,8.84988e-17,88,332,83.8003
591,C4LAB3,9.83797e-17,47,327,83.8003
592,B0BP55,1.20246e-16,87,331,83.4151
593,A3QDX8,1.32439e-16,91,341,83.0299
594,P36959,1.63253e-16,48,327,83.0299
595,P27442,1.69867e-16,39,346,83.0299
596,Q7SFX7,1.72143e-16,294,438,84.1855
597,B7VS90,1.72712e-16,26,327,83.0299
598,A8FD19,1.73252e-16,49,270,82.2595
599,Q97Q95,1.89602e-16,35,218,81.1039
600,A0K729,1.95679e-16,94,337,82.6447
601,Q1BWM4,1.95679e-16,94,337,82.6447
602,Q3MDU0,1.98571e-16,103,340,83.0299
603,O66461,2.00483e-16,37,276,82.2595
604,B4E8N4,2.09181e-16,94,337,82.6447
605,A0M4D0,2.09479e-16,96,339,82.6447
606,Q63TV1,2.21733e-16,94,337,82.6447
607,A3NUS1,2.21733e-16,94,337,82.6447
608,Q129L9,2.29374e-16,94,332,82.6447
609,Q8FWN5,2.52766e-16,122,250,83.4151
610,Q3JSS8,2.83736e-16,94,337,82.2595
611,A1V4A5,2.83736e-16,94,337,82.2595
612,Q62K45,2.83736e-16,94,337,82.2595
613,A2S374,2.83736e-16,94,337,82.2595
614,A3MJ98,2.83736e-16,94,337,82.2595
615,Q8YBP2,2.88823e-16,115,243,83.4151
616,P9WKI7,3.00497e-16,268,526,83.4151
617,P9WKI6,3.00497e-16,268,526,83.4151
618,P65168,3.00497e-16,268,526,83.4151
619,B9LHC1,3.05903e-16,106,341,82.2595
620,A9WDI1,3.05903e-16,106,341,82.2595
621,Q1LT62,3.09885e-16,91,335,81.8743
622,Q113R9,3.1089e-16,109,364,82.6447
623,O16294,3.42085e-16,48,328,82.2595
624,Q6GIG7,1.3672e-102,1,355,309.335
625,Q6GB05,1.38214e-102,1,355,309.335
626,Q8NXG7,2.18188e-102,1,355,308.95
627,Q99VF6,4.51979e-102,1,355,307.794
628,A5IR97,4.51979e-102,1,355,307.794
629,A6U025,4.51979e-102,1,355,307.794
630,A8Z1H7,9.07464e-101,1,355,304.712
631,A6QFD2,9.07464e-101,1,355,304.712
632,Q5HHG4,9.07464e-101,1,355,304.712
633,Q2FZX9,9.07464e-101,1,355,304.712
634,Q2FIF3,9.07464e-101,1,355,304.712
635,Q4L4T4,2.35729e-96,1,350,293.542
636,Q49W60,4.88733e-96,1,354,292.771
637,Q8T6T2,5.35072e-84,29,398,263.111
638,O05413,3.00505e-80,2,347,251.94
639,Q9HWH9,5.2707e-78,2,350,246.162
640,P49058,5.58019e-75,29,400,240.384
641,D0V3Y4,7.17856e-75,2,348,238.073
642,Q9KGN8,1.05478e-72,30,483,236.917
643,P21879,3.03594e-72,30,485,235.762
644,P56088,3.23852e-71,27,479,232.68
645,Q9ZL14,4.18419e-71,27,479,232.68
646,P0C0H6,2.28672e-68,32,490,225.746
647,P68839,2.28672e-68,32,490,225.746
648,Q5X9A3,2.28672e-68,32,490,225.746
649,P0C0H7,2.28672e-68,32,490,225.746
650,P0DB89,5.30049e-68,32,490,224.591
651,P0DB88,5.30049e-68,32,490,224.591
652,O67820,9.34537e-68,31,487,224.206
653,Q49UU8,2.27285e-67,30,486,223.05
654,O50316,7.26982e-67,241,490,221.894
655,Q9L6B7,8.75416e-67,229,485,221.509
656,Q9HLK8,1.11258e-66,32,479,221.124
657,Q8KCW4,3.01969e-66,253,490,220.354
658,Q4L385,4.32361e-66,32,486,219.583
659,P42851,4.33982e-66,34,481,219.583
660,P44334,4.55959e-66,134,486,219.583
661,Q6GC82,1.0445e-65,228,486,218.813
662,Q6GJQ7,1.0445e-65,228,486,218.813
663,P99106,1.0445e-65,228,486,218.813
664,P65169,1.0445e-65,228,486,218.813
665,Q5HIQ7,1.0445e-65,228,486,218.813
666,Q2YVL6,1.0445e-65,228,486,218.813
667,Q2G0Y7,1.0445e-65,228,486,218.813
668,Q2FJM6,1.0445e-65,228,486,218.813
669,Q8NY70,1.19922e-65,228,486,218.428
670,Q9UY49,1.29703e-65,34,481,218.428
671,O58045,1.96738e-65,34,481,218.042
672,Q8CMQ7,2.12835e-65,30,486,217.657
673,Q5HRX2,2.12835e-65,30,486,217.657
674,Q0WD32,2.39105e-64,204,485,214.961
675,Q7UJL3,6.86153e-63,247,529,212.65
676,B2TEK6,1.16222e-61,7,360,204.56
677,Q6D456,1.40307e-60,87,336,201.094
678,Q8ERJ2,1.58922e-60,26,305,200.708
679,C6DFC0,3.34212e-60,87,336,199.938
680,B1LJR7,1.51339e-59,87,336,198.397
681,B7N3A7,1.51339e-59,87,336,198.397
682,B7NM29,1.51339e-59,87,336,198.397
683,Q8G3N6,1.82622e-59,73,539,203.79
684,A4W8V7,1.91543e-59,87,336,198.012
685,C1DDY1,1.93696e-59,86,335,198.397
686,Q8E578,2.24396e-59,28,299,197.627
687,O05269,2.42927e-59,26,298,197.242
688,A4SME2,2.47671e-59,87,336,197.627
689,Q57QU4,2.50337e-59,87,336,197.627
690,Q8DZL4,2.6352e-59,28,299,197.242
691,A8AID4,3.06815e-59,87,336,197.627
692,B5R8M3,3.37851e-59,87,336,197.242
693,Q6HAI0,3.59542e-59,26,298,196.856
694,Q1RDR9,3.60266e-59,87,336,197.242
695,Q8FJ91,3.60266e-59,87,336,197.242
696,Q0TJB6,3.60266e-59,87,336,197.242
697,A1A9L5,3.60266e-59,87,336,197.242
698,B7MS56,3.60266e-59,87,336,197.242
699,B7MHP7,3.60266e-59,87,336,197.242
700,B7UN24,3.60266e-59,87,336,197.242
701,P25468,3.80077e-59,87,336,197.242
702,B4TRW8,3.80077e-59,87,336,197.242
703,B5BBM2,3.80077e-59,87,336,197.242
704,C0PVS5,3.80077e-59,87,336,197.242
705,A9N6Y4,3.80077e-59,87,336,197.242
706,Q5PGE0,3.80077e-59,87,336,197.242
707,B4T1Y8,3.80077e-59,87,336,197.242
708,B4TDY5,3.80077e-59,87,336,197.242
709,B5QZE8,3.80077e-59,87,336,197.242
710,B5FQY8,3.80077e-59,87,336,197.242
711,B5F1U2,3.80077e-59,87,336,197.242
712,Q9ZKZ2,4.16893e-59,25,297,196.856
713,A0RLN5,4.2036e-59,27,299,196.856
714,Q3K110,4.2222e-59,28,299,196.856
715,Q87PB7,5.46952e-59,87,336,196.856
716,Q4KFI7,6.19676e-59,86,332,196.856
717,Q1J6M7,6.27582e-59,28,306,196.471
718,Q1JLQ8,6.27582e-59,28,306,196.471
719,Q1JBS5,6.27582e-59,28,306,196.471
720,Q5XC75,6.27582e-59,28,306,196.471
721,Q2NU82,6.99639e-59,87,336,196.471
722,Q8P129,7.21347e-59,28,306,196.086
723,B5Z7L6,7.92846e-59,25,297,196.086
724,Q72WY4,8.6541e-59,26,298,196.086
725,A9AJX4,9.22899e-59,90,339,196.471
726,Q3Z3H6,1.0396e-58,87,336,196.086
727,Q31YK8,1.0396e-58,87,336,196.086
728,B2TUD4,1.0396e-58,87,336,196.086
729,A9MHU3,1.0396e-58,87,336,196.086
730,B6I919,1.0396e-58,87,336,196.086
731,P0A7E1,1.0396e-58,87,336,196.086
732,B1IVY7,1.0396e-58,87,336,196.086
733,A7ZYP7,1.0396e-58,87,336,196.086
734,B1X8P9,1.0396e-58,87,336,196.086
735,C4ZQ71,1.0396e-58,87,336,196.086
736,B7M874,1.0396e-58,87,336,196.086
737,B5YT76,1.0396e-58,87,336,196.086
738,P0A7E2,1.0396e-58,87,336,196.086
739,B7LE45,1.0396e-58,87,336,196.086
740,A7ZK49,1.0396e-58,87,336,196.086
741,Q83RX6,1.06209e-58,87,336,196.086
742,Q0T689,1.06209e-58,87,336,196.086
743,Q814I1,1.09045e-58,27,299,195.701
744,Q32HW1,1.18207e-58,87,336,196.086
745,Q12723,1.20438e-58,8,374,197.242
746,A1JMP8,1.27402e-58,87,336,195.701
747,A7N0L2,1.34405e-58,87,336,195.701
748,B5XY59,1.40284e-58,87,336,195.701
749,A6T739,1.41793e-58,87,336,195.701
750,B7LNV5,1.43319e-58,87,336,195.701
751,Q630E8,1.54305e-58,26,298,195.316
752,B9DS39,1.64544e-58,28,314,195.316
753,Q3KFC7,1.67628e-58,86,339,195.701
754,B4EVC3,1.70084e-58,87,336,195.701
755,B5XLI1,1.87106e-58,28,306,195.316
756,Q48JY0,1.90876e-58,86,339,195.701
757,O25525,1.99522e-58,27,299,194.93
758,A7MEW0,1.99698e-58,87,336,195.316
759,Q1CT17,2.21685e-58,25,297,194.93
760,Q81JJ9,2.29321e-58,26,298,194.93
761,B2VC84,2.3197e-58,87,336,195.316
762,Q472J6,2.7909e-58,90,338,195.316
763,Q99ZQ1,2.93353e-58,28,306,194.545
764,P0DB91,3.87506e-58,28,306,194.16
765,Q1JGV8,3.87506e-58,28,306,194.16
766,P0DB90,3.87506e-58,28,306,194.16
767,A8GCK4,4.08977e-58,87,333,194.545
768,Q831S1,4.21461e-58,25,297,194.16
769,Q48TL6,6.20631e-58,28,306,193.775
770,Q0BFR0,7.03789e-58,90,339,194.16
771,Q8Z7S9,7.13305e-58,87,336,193.775
772,Q2SVL9,7.26722e-58,90,339,194.16
773,Q4ZUM3,7.66367e-58,86,340,194.16
774,Q883P1,8.3479e-58,86,343,194.16
775,A2REI5,1.20509e-57,28,306,193.004
776,Q99L27,1.57724e-57,27,339,193.39
777,Q1LP27,2.83839e-57,90,338,192.619
778,C5BD71,3.02162e-57,87,336,192.234
779,Q6LRA2,3.15363e-57,87,333,192.234
780,Q88L40,3.78588e-57,86,340,192.234
781,B1JQS0,4.16413e-57,87,336,191.849
782,Q66CG4,4.16413e-57,87,336,191.849
783,A4TMZ3,4.16413e-57,87,336,191.849
784,Q1CGJ0,4.16413e-57,87,336,191.849
785,A9R7L2,4.16413e-57,87,336,191.849
786,Q8ZG91,4.16413e-57,87,336,191.849
787,B2JYR8,4.16413e-57,87,336,191.849
788,Q1CA44,4.16413e-57,87,336,191.849
789,A7FJU2,4.16413e-57,87,336,191.849
790,B0KG90,4.6637e-57,86,340,191.849
791,Q97DK4,4.94728e-57,26,298,191.464
792,A4VM41,5.71429e-57,86,343,191.849
793,C0MAM1,5.74649e-57,28,299,191.464
794,A7Z8C3,5.77378e-57,26,298,191.464
795,Q65LF6,6.15649e-57,26,298,191.079
796,A0KKK9,7.57672e-57,87,336,191.464
797,B2USX4,8.7104e-57,25,297,190.693
798,Q7NX17,9.29041e-57,87,334,191.464
799,A4XWQ0,1.2528e-56,86,340,190.693
800,Q7N617,1.42334e-56,87,336,190.693
801,C3K017,1.64512e-56,86,332,190.693
802,Q9P2T1,1.70657e-56,27,339,190.693
803,B2JKL9,1.80127e-56,90,335,190.693
804,C0MF02,1.98675e-56,28,299,189.923
805,A4G7T7,2.12449e-56,90,339,190.308
806,Q8D9G5,4.14271e-56,87,336,189.538
807,B7VNK9,7.14244e-56,87,336,188.767
808,B1J5B5,7.18046e-56,86,340,188.767
809,A4W0T4,8.05896e-56,28,299,188.382
810,Q1ICL4,8.20617e-56,86,340,188.767
811,Q8XYY7,8.65105e-56,90,340,188.767
812,Q13ZM3,8.65609e-56,90,337,188.767
813,Q32L93,1.12822e-55,39,339,188.767
814,A4VUJ2,1.14664e-55,28,299,187.997
815,B1HNS5,1.31751e-55,26,298,187.612
816,Q9CGF1,1.93661e-55,28,301,187.227
817,Q4QEB3,1.95365e-55,238,492,191.849
818,Q5P1A9,2.11485e-55,84,331,187.997
819,Q7MKX3,2.38688e-55,87,336,187.227
820,Q9NJD8,3.64052e-55,39,346,187.612
821,Q02PL5,4.06607e-55,86,342,186.841
822,P27442,4.25715e-55,39,346,187.227
823,Q38YF0,5.05888e-55,25,297,186.071
824,Q9HZF8,5.14153e-55,86,342,186.841
825,B7UWL8,5.14153e-55,86,342,186.841
826,A8AXD6,5.57236e-55,28,314,186.071
827,P36959,6.45963e-55,39,339,186.456
828,E9BDA8,6.82089e-55,238,492,190.308
829,A6V325,7.00526e-55,86,342,186.456
830,C3LMH4,7.24232e-55,87,336,186.071
831,Q9KRZ2,7.24232e-55,87,336,186.071
832,A5F839,7.24232e-55,87,336,186.071
833,Q82ST3,7.54826e-55,85,332,186.456
834,B1YH73,8.49778e-55,27,299,185.686
835,B1IC44,1.12165e-54,28,299,185.301
836,Q0AIB4,1.97073e-54,85,330,185.301
837,Q97QG5,2.24485e-54,28,299,184.53
838,Q02Z38,2.51121e-54,28,301,184.53
839,A6T106,2.72395e-54,90,339,184.915
840,C1CKY8,3.12515e-54,28,299,184.145
841,A2RL29,3.53332e-54,28,301,184.145
842,C1CR55,4.08068e-54,28,299,183.76
843,Q8DPJ7,4.35048e-54,28,299,183.76
844,C1C7M7,4.35048e-54,28,299,183.76
845,Q04K71,4.35048e-54,28,299,183.76
846,B8ZJR9,5.05141e-54,28,299,183.76
847,C4L088,5.18778e-54,26,298,183.76
848,C4K4A3,5.55467e-54,87,336,183.76
849,Q0HVV6,6.90439e-54,87,336,183.76
850,Q0HJL0,6.90439e-54,87,336,183.76
851,C1CEK5,8.42976e-54,28,299,182.989
852,Q480K7,8.59995e-54,87,333,183.375
853,B7VS90,9.26248e-54,26,339,183.76
854,Q5WD10,9.58097e-54,27,299,182.989
855,B2IPN4,1.1364e-53,28,299,182.604
856,P31002,1.29258e-53,28,486,186.841
857,A1K7M2,1.44874e-53,84,331,182.989
858,Q3IGZ1,1.52924e-53,87,333,182.604
859,Q7W4W6,1.55826e-53,92,349,182.989
860,Q03GJ0,1.60731e-53,25,297,182.219
861,P47177,1.65759e-53,24,400,184.53
862,A0KW50,1.72643e-53,87,336,182.604
863,Q8EDZ8,1.74492e-53,87,336,182.604
864,A1SX25,1.93332e-53,87,336,182.604
865,B5E4Y3,2.96737e-53,28,299,181.834
866,Q7WGE4,3.01479e-53,92,349,182.219
867,Q7VTR9,4.46956e-53,92,349,181.834
868,Q9DCZ1,5.04215e-53,39,339,181.449
869,Q081J9,5.28335e-53,87,336,181.449
870,Q49XD2,8.43505e-53,25,309,180.678
871,Q1H411,9.30113e-53,87,334,180.678
872,Q1LT62,1.06313e-52,87,336,180.678
873,A1RJ06,1.18678e-52,87,336,180.293
874,A4Y7I2,1.18678e-52,87,336,180.293
875,Q8CPC9,1.25866e-52,25,309,179.908
876,Q5HPK5,1.25866e-52,25,309,179.908
877,Q5E5B6,1.46329e-52,87,336,180.293
878,B9DP67,1.62556e-52,25,304,179.523
879,Q6FCL9,1.77435e-52,84,333,179.908
880,C3LUL9,1.90321e-52,26,339,180.293
881,Q9KMW9,1.90321e-52,26,339,180.293
882,A5EYL9,1.90321e-52,26,339,180.293
883,Q6GH69,1.94845e-52,25,309,179.523
884,Q609J2,2.38158e-52,88,335,179.523
885,B5FE17,2.54555e-52,87,336,179.523
886,A6WP30,3.09332e-52,87,336,179.523
887,A9L4D0,3.29728e-52,87,336,179.137
888,P0ADG9,3.6591e-52,169,485,182.989
889,P0ADG7,3.6591e-52,169,485,182.989
890,P0ADG8,3.6591e-52,169,485,182.989
891,B8E984,3.86795e-52,87,336,179.137
892,P60564,4.24145e-52,25,309,178.752
893,Q6G9M1,4.24145e-52,25,309,178.752
894,P60563,4.24145e-52,25,309,178.752
895,P60562,4.24145e-52,25,309,178.752
896,A5ISL9,4.24145e-52,25,309,178.752
897,A6U1F7,4.24145e-52,25,309,178.752
898,A7X1Z1,4.24145e-52,25,309,178.752
899,A6QGN9,4.71827e-52,25,309,178.367
900,Q5HG83,4.71827e-52,25,309,178.367
901,Q2FYU4,4.71827e-52,25,309,178.367
902,Q2FH96,4.71827e-52,25,309,178.367
903,Q12NG2,4.88819e-52,87,333,178.752
904,Q2YXS9,5.47717e-52,25,309,178.367
905,Q3SL21,6.31989e-52,86,335,178.367
906,B5EUG3,6.74619e-52,26,339,178.752
907,C4LAB3,9.58093e-52,47,339,178.367
908,A3D5B9,1.04037e-51,87,336,177.982
909,B1XV77,1.10957e-51,89,337,177.982
910,A9I8M0,1.19482e-51,92,349,177.982
911,Q03AR1,1.20269e-51,29,301,177.597
912,O16294,1.56308e-51,39,350,177.982
913,Q88SV5,1.90423e-51,26,309,176.826
914,Q2KW44,2.23639e-51,92,341,177.597
915,Q5DZN1,2.65749e-51,26,339,177.211
916,B6ELD1,3.3071e-51,87,336,176.441
917,B3WCK9,3.59959e-51,29,301,176.441
918,Q9Z244,3.98905e-51,39,339,176.826
919,Q6MUI1,4.54247e-51,26,317,175.671
920,Q04GD9,4.56235e-51,24,297,176.056
921,Q9JX66,5.03771e-51,84,331,176.056
922,B9ME75,6.75843e-51,25,296,175.671
923,A4SWU5,8.09484e-51,89,344,175.671
924,A8H3X8,8.44926e-51,87,339,175.671
925,B4E8N4,9.43083e-51,90,339,175.671
926,A0K729,9.43083e-51,90,339,175.671
927,Q1BWM4,9.43083e-51,90,339,175.671
928,A9BNR6,1.06797e-50,25,296,174.9
929,A7N204,1.51671e-50,26,339,175.285
930,A1WB23,1.68745e-50,25,296,174.515
931,B6ERC3,1.91571e-50,26,339,174.9
932,Q2Y5H8,2.00653e-50,85,330,174.9
933,Q87H06,2.18434e-50,26,339,174.9
934,Q9KH33,2.23177e-50,225,484,178.367
935,A3QDX8,2.49137e-50,87,341,174.515
936,A9BWU2,2.90913e-50,90,344,174.515
937,B1KDM8,4.26449e-50,87,340,173.745
938,Q4L646,4.53712e-50,25,306,173.359
939,A1TNF7,5.10006e-50,25,296,173.359
940,Q39GX5,5.15528e-50,90,339,173.745
941,B8F848,5.44666e-50,84,333,173.359
942,Q5QX65,6.85124e-50,86,334,172.974
943,P60565,7.10053e-50,30,310,172.974
944,Q6LGK4,7.14167e-50,26,339,173.359
945,Q63TV1,8.94229e-50,90,339,172.974
946,A3NUS1,8.94229e-50,90,339,172.974
947,Q3JSS8,1.03845e-49,90,345,172.974
948,A1V4A5,1.03845e-49,90,345,172.974
949,Q62K45,1.03845e-49,90,345,172.974
950,A2S374,1.03845e-49,90,345,172.974
951,A3MJ98,1.03845e-49,90,345,172.974
952,B9MIU2,1.05039e-49,90,340,172.974
953,A5UEP8,1.18942e-49,89,338,172.589
954,P45477,1.21494e-49,89,338,172.589
955,A8FW61,1.32261e-49,87,336,172.589
956,Q4QKB5,1.33672e-49,89,338,172.589
957,Q6F1U6,1.33909e-49,25,297,171.819
958,A1W7S6,1.41341e-49,90,340,172.974
959,Q49729,1.48786e-49,253,526,176.826
960,A5UC11,1.67045e-49,89,338,172.204
961,Q04CB0,1.75171e-49,32,318,171.819
962,Q1GBV3,2.05425e-49,32,318,171.819
963,Q5F605,2.16594e-49,84,331,171.819
964,Q21U05,2.23462e-49,25,296,171.433
965,Q7MD57,2.27727e-49,26,336,172.204
966,Q8D632,2.27727e-49,26,336,172.204
967,Q8K9U0,2.30978e-49,26,339,172.204
968,A3N925,2.66716e-49,90,339,171.819
969,B0TIY0,4.57696e-49,87,339,171.048
970,A1KRQ4,4.95642e-49,101,331,171.048
971,A9M3G1,5.29406e-49,101,337,171.048
972,Q59011,5.32159e-49,229,492,174.9
973,Q045S8,5.45638e-49,30,310,170.663
974,B8CPG0,8.92799e-49,87,337,170.278
975,A3N0D6,1.07526e-48,83,332,169.893
976,C5CT60,1.15924e-48,25,296,169.507
977,A1TPZ2,1.60519e-48,90,350,170.278
978,Q21JW9,1.61662e-48,86,328,169.507
979,A1S5Z4,1.89524e-48,87,333,169.507
980,B0BP55,1.98911e-48,83,332,169.507
981,A0KN65,2.43599e-48,26,339,169.507
982,Q9F1U7,2.97692e-48,86,336,169.122
983,P9WKI7,3.06049e-48,253,526,173.359
984,P9WKI6,3.06049e-48,253,526,173.359
985,P65168,3.06049e-48,253,526,173.359
986,Q5FHY3,4.41256e-48,30,303,168.352
987,Q129L9,4.69274e-48,90,341,168.737
988,E9PU28,5.27018e-48,203,498,172.589
989,O00086,5.69659e-48,54,495,172.589
990,Q59Q46,5.69659e-48,54,495,172.589
991,Q0A8M5,5.97396e-48,87,334,168.352
992,A5WDZ3,8.50111e-48,86,335,167.967
993,B3PIL8,1.03246e-47,86,325,167.581
994,A6VW35,1.13888e-47,86,343,167.581
995,B8D7A8,1.19958e-47,26,339,167.581
996,C5BKZ2,1.2232e-47,86,327,167.196
997,Q0KBT4,1.28459e-47,90,338,167.581
998,P24547,1.35266e-47,203,498,171.433
999,Q9K1D7,1.65659e-47,104,331,166.811
1000,A4SJY8,1.69006e-47,26,339,167.196
1001,P12268,1.7889e-47,203,498,171.048
1002,Q83CY0,1.87865e-47,87,333,167.196
1003,A9NCV1,1.87865e-47,87,333,167.196
1004,A9KCF2,1.87865e-47,87,333,167.196
1005,B6J0A5,1.87865e-47,87,333,167.196
1006,B6J754,1.87865e-47,87,333,167.196
1007,A9A5Y7,1.89955e-47,180,473,170.278
1008,A1WIJ3,1.94566e-47,25,296,166.426
1009,B3H1B5,2.22851e-47,83,332,166.426
1010,A1JJK8,2.32127e-47,26,342,166.811
1011,A1VQJ1,2.83402e-47,90,341,166.811
1012,A2SHQ5,3.1578e-47,90,340,166.426
1013,P59443,3.22695e-47,47,339,166.426
1014,Q1WT04,3.38255e-47,25,297,165.655
1015,P12269,3.43356e-47,203,498,170.278
1016,A1TZG0,4.96396e-47,86,338,165.655
1017,B0UXP9,5.03468e-47,175,481,169.893
1018,Q8A9C3,5.32664e-47,1,288,164.5
1019,P57300,7.2393e-47,26,339,165.655
1020,B8D903,7.2393e-47,26,339,165.655
1021,B1XWM8,8.41457e-47,35,321,164.885
1022,Q3SWY3,9.07717e-47,203,498,169.122
1023,Q1QBS1,9.6883e-47,86,341,165.27
1024,B1JK64,1.69387e-46,26,342,164.5
1025,Q66EJ0,1.69387e-46,26,342,164.5
1026,A4TPS6,1.69387e-46,26,342,164.5
1027,Q1CLY8,1.69387e-46,26,342,164.5
1028,A9R1J4,1.69387e-46,26,342,164.5
1029,Q8ZBI2,1.69387e-46,26,342,164.5
1030,B2K4G3,1.69387e-46,26,342,164.5
1031,Q1C3T0,1.69387e-46,26,342,164.5
1032,A7FM52,1.69387e-46,26,342,164.5
1033,B5YZD9,2.18274e-46,26,342,164.5
1034,Q8X984,2.18274e-46,26,342,164.5
1035,Q21WC4,2.29015e-46,90,348,164.5
1036,F6S675,2.36793e-46,173,479,167.967
1037,Q64TN0,2.85004e-46,1,279,162.959
1038,Q5LCI2,2.85004e-46,1,279,162.959
1039,Q2SCG9,3.52255e-46,87,331,163.729
1040,P57858,3.89075e-46,89,338,163.344
1041,Q7VL56,4.35993e-46,83,333,163.344
1042,Q12CT8,4.4842e-46,28,315,162.959
1043,Q4FS74,4.58066e-46,86,341,163.344
1044,A1VMA8,4.88045e-46,25,296,162.959
1045,P20839,5.64958e-46,175,481,167.196
1046,B1LG40,5.82873e-46,26,342,163.344
1047,A8HAF6,6.27584e-46,47,339,162.959
1048,P59075,8.2118e-46,48,339,163.344
1049,Q326D1,8.61427e-46,26,342,162.574
1050,B2SLB9,9.37398e-46,86,333,162.959
1051,A7ZHJ5,9.98616e-46,26,342,162.574
1052,B0TQE1,1.09813e-45,47,339,162.574
1053,Q3Z5Q5,1.30014e-45,26,342,162.189
1054,Q1RG92,1.30014e-45,26,342,162.189
1055,B6HZ81,1.30014e-45,26,342,162.189
1056,P60560,1.30014e-45,26,342,162.189
1057,B1IQN5,1.30014e-45,26,342,162.189
1058,P60561,1.30014e-45,26,342,162.189
1059,Q0TLN6,1.30014e-45,26,342,162.189
1060,A1A7E7,1.30014e-45,26,342,162.189
1061,A7ZW55,1.30014e-45,26,342,162.189
1062,B1XC80,1.30014e-45,26,342,162.189
1063,C4ZRJ8,1.30014e-45,26,342,162.189
1064,B7M145,1.30014e-45,26,342,162.189
1065,B7LFX2,1.30014e-45,26,342,162.189
1066,B7MAM6,1.30014e-45,26,342,162.189
1067,B7UIF3,1.30014e-45,26,342,162.189
1068,Q5H0N0,1.35607e-45,86,333,162.189
1069,Q2P3M0,1.35607e-45,86,333,162.189
1070,A1WJ81,1.38489e-45,90,344,162.574
1071,Q54QQ0,1.46832e-45,153,482,166.041
1072,Q32JY8,1.50715e-45,26,342,162.189
1073,A6VP48,1.57418e-45,90,339,161.803
1074,F7CYY5,1.6278e-45,175,499,166.041
1075,B7MNW1,1.76562e-45,26,342,161.803
1076,B7LWQ6,1.9621e-45,26,342,161.803
1077,B7N7X5,2.1125e-45,26,336,161.803
1078,B7NI65,2.1125e-45,26,336,161.803
1079,B3R4T0,2.30417e-45,90,338,161.418
1080,B5Y1T3,2.50096e-45,26,342,161.418
1081,O14344,2.50702e-45,56,510,165.655
1082,A0JNA3,2.57358e-45,175,481,165.27
1083,A6L5H1,2.84601e-45,1,291,160.263
1084,Q03TT0,3.3111e-45,27,300,160.648
1085,Q6GMG5,3.33038e-45,203,481,165.655
1086,A6T4P6,3.46835e-45,26,342,161.033
1087,Q8PLJ2,3.85195e-45,86,333,161.033
1088,A0M4D0,4.33733e-45,92,339,160.648
1089,B2U2A9,4.75917e-45,26,342,160.648
1090,Q0T894,7.56862e-45,26,336,160.263
1091,Q3BUJ7,7.97105e-45,86,333,160.263
1092,D3ZLZ7,8.07599e-45,175,481,164.115
1093,Q8P9R0,8.67211e-45,86,345,160.263
1094,B0RTS3,8.67211e-45,86,345,160.263
1095,Q4UTX5,8.67211e-45,86,345,160.263
1096,Q15UB7,9.23625e-45,86,332,159.877
1097,Q65TR8,1.07477e-44,90,339,159.877
1098,Q07152,1.16242e-44,192,521,164.115
1099,A8G9U1,1.6337e-44,26,342,159.492
1100,Q5RGV1,1.67728e-44,203,481,163.344
1101,P50096,1.67728e-44,203,481,163.344
1102,A9KKR5,2.05797e-44,2,287,157.951
1103,Q83SM9,2.08172e-44,26,336,159.107
1104,A8ALJ2,2.10377e-44,26,342,159.107
1105,Q5KP44,2.21633e-44,199,527,163.344
1106,Q819S5,2.25337e-44,1,282,157.951
1107,B7IUP4,2.25337e-44,1,282,157.951
1108,Q5WVN0,2.32409e-44,81,328,158.722
1109,A9VTC4,2.55839e-44,1,282,157.951
1110,P50094,2.61277e-44,57,498,162.959
1111,Q9PAE7,3.10177e-44,88,348,158.722
1112,Q6HET0,3.90588e-44,1,282,157.181
1113,Q636E2,3.90588e-44,1,282,157.181
1114,B9IVW1,3.90588e-44,1,282,157.181
1115,B7HLL8,3.90588e-44,1,282,157.181
1116,C1EPP8,3.90588e-44,1,282,157.181
1117,Q732I5,3.90588e-44,1,282,157.181
1118,B7JJX1,3.90588e-44,1,282,157.181
1119,Q81WF4,3.90588e-44,1,282,157.181
1120,C3L742,3.90588e-44,1,282,157.181
1121,C3P654,3.90588e-44,1,282,157.181
1122,A5EV79,4.15507e-44,85,331,157.951
1123,B1Y3C1,5.63606e-44,90,341,157.951
